item_id,store_name,item_name,genre,calorite,,,,,,,,,
1,セブンイレブン,北海道産そば粉使用　かしわそば（太切そば）,麺類,425,,,,,,,,,
2,セブンイレブン,冷しぶっかけとろろそば　静岡県産わさび付,麺類,348,,,,,,,,,
3,セブンイレブン,石臼挽そば粉のざるそば　静岡県産わさび付,麺類,340,,,,,,,,,
4,セブンイレブン,ちくわ磯辺天半熟玉子天の冷しぶっかけうどん,麺類,657,,,,,,,,,
5,セブンイレブン,ツルッとのど越し　冷しぶっかけうどん,麺類,505,,,,,,,,,
6,セブンイレブン,冷しぶっかけわかめそば,麺類,300,,,,,,,,,
7,セブンイレブン,鰹出汁の旨味引き立つ　かき揚げそば,麺類,445,,,,,,,,,
8,セブンイレブン,紅生姜天そば,麺類,459,,,,,,,,,
9,セブンイレブン,コク旨ごまだれ　豚しゃぶうどん,麺類,713,,,,,,,,,
10,セブンイレブン,自家製揚げ玉の冷したぬきうどん,麺類,565,,,,,,,,,
11,セブンイレブン,たぬきうどん　上州地粉使用麺,麺類,460,,,,,,,,,
12,セブンイレブン,埼玉県産小麦使用　　　肉汁うどん,麺類,672,,,,,,,,,
13,セブンイレブン,ツルッとのど越しミニ冷し中華,麺類,309,,,,,,,,,
14,セブンイレブン,ツルッとのど越し冷し中華,麺類,506,,,,,,,,,
15,セブンイレブン,町中華の冷し味噌ラーメン,麺類,516,,,,,,,,,
16,セブンイレブン,中華蕎麦とみ田監修　冷し豚まぜ麺,麺類,708,,,,,,,,,
17,セブンイレブン,半熟煮玉子の冷し醤油ラーメン,麺類,445,,,,,,,,,
18,セブンイレブン,冷たい八王子ラーメン,麺類,419,,,,,,,,,
19,セブンイレブン,ちゅるもち麺の醤油焼うどん,麺類,575,,,,,,,,,
20,セブンイレブン,玉子をのせた川越太　　麺焼そば,麺類,477,,,,,,,,,
21,セブンイレブン,ピリ辛豚モツ炒めｏｎ！　太麺ソース焼そば,麺類,708,,,,,,,,,
22,セブンイレブン,ツナとほうれん草のトマトソースパスタ,麺類,489,,,,,,,,,
23,セブンイレブン,肉の旨味とデミグラスのコク　ミートソース,麺類,533,,,,,,,,,
24,セブンイレブン,太麺仕立ての　昔なつかしナポリタン,麺類,508,,,,,,,,,
25,セブンイレブン,コクと旨味が広がる　ボンゴレスープパスタ,麺類,436,,,,,,,,,
26,セブンイレブン,やみつきガーリック　大盛ペペロンチーノ,麺類,863,,,,,,,,,
27,セブンイレブン,冷製パスタ　明太子と蒸し鶏と大葉,麺類,357,,,,,,,,,
28,セブンイレブン,冷製パスタ　海老のトマトクリーム,麺類,460,,,,,,,,,
29,セブンイレブン,生パスタ　卵黄のコク濃厚カルボナーラ,麺類,688,,,,,,,,,
30,セブンイレブン,生パスタ　ボロネーゼ,麺類,601,,,,,,,,,
31,セブンイレブン,豚しゃぶの和風パスタ　おろしポン酢,麺類,587,,,,,,,,,
32,セブンイレブン,海老と大葉のペペロンチーノ,麺類,487,,,,,,,,,
33,セブンイレブン,舞茸ときのこの和風パスタ,麺類,439,,,,,,,,,
34,セブンイレブン,千速と重悟の大盛ナポリタン,麺類,631,,,,,,,,,
35,セブンイレブン,ベーコン香る麺大盛ぺペロンチーノ,麺類,945,,,,,,,,,
36,セブンイレブン,明太マヨネーズ大盛パスタ　かねふく使用,麺類,667,,,,,,,,,
37,セブンイレブン,魚介の旨塩大盛パスタ,麺類,580,,,,,,,,,
38,セブンイレブン,冷製国産鶏レバー煮,サラダ,154,,,,,,,,,
39,セブンイレブン,彩り野菜のスイートピクルス,サラダ,60,,,,,,,,,
40,セブンイレブン,ツナたまごコーンのサラダ,サラダ,60,,,,,,,,,
41,セブンイレブン,１０種具材のミックスサラダ,サラダ,20,,,,,,,,,
42,セブンイレブン,ザクザクとした食感のうま塩レタスサラダ,サラダ,193,,,,,,,,,
43,セブンイレブン,三陸産わかめとサンチュのやみつきチョレギサラダ,サラダ,298,,,,,,,,,
44,セブンイレブン,甘辛鶏唐揚げのパスタサラダ,サラダ,407,,,,,,,,,
45,セブンイレブン,トマトとレタスのイタリアンサラダ,サラダ,172,,,,,,,,,
46,セブンイレブン,たんぱく質が摂れる鶏むね肉サラダ,サラダ,199,,,,,,,,,
47,セブンイレブン,豚しゃぶパスタサラダ,サラダ,422,,,,,,,,,
48,セブンイレブン,たんぱく質が摂れる２種カニカマと玉子のサラダ,サラダ,164,,,,,,,,,
49,セブンイレブン,梅おにぎり,おにぎり,166,,,,,,,,,
50,セブンイレブン,明太おにぎり,おにぎり,173,,,,,,,,,
51,セブンイレブン,ツナマヨおにぎり,おにぎり,258,,,,,,,,,
52,セブンイレブン,鮭おにぎり,おにぎり,174,,,,,,,,,
53,セブンイレブン,エビマヨネーズおにぎり,おにぎり,252,,,,,,,,,
54,セブンイレブン,昆布おにぎり,おにぎり,171,,,,,,,,,
55,セブンイレブン,鳥五目おにぎり,おにぎり,180,,,,,,,,,
56,セブンイレブン,牛カルビおにぎり,おにぎり,326,,,,,,,,,
57,セブンイレブン,チーズつくねおにぎり,おにぎり,401,,,,,,,,,
58,セブンイレブン,鳥そぼろおにぎり,おにぎり,325,,,,,,,,,
59,セブンイレブン,納豆巻,おにぎり,177,,,,,,,,,
60,セブンイレブン,すじこ巻,おにぎり,163,,,,,,,,,
61,セブンイレブン,いなり,おにぎり,204,,,,,,,,,
62,セブンイレブン,唐揚げ弁当,弁当,707,,,,,,,,,
63,セブンイレブン,焼肉弁当,弁当,652,,,,,,,,,
64,セブンイレブン,プルコギ弁当,弁当,615,,,,,,,,,
65,セブンイレブン,中華丼,弁当,498,,,,,,,,,
66,セブンイレブン,チキンオムライス,弁当,532,,,,,,,,,
67,セブンイレブン,親子丼,弁当,633,,,,,,,,,
68,セブンイレブン,牛丼,弁当,565,,,,,,,,,
69,セブンイレブン,ポークカレー,弁当,527,,,,,,,,,
70,セブンイレブン,エビグラタン,ドリア,384,,,,,,,,,
71,セブンイレブン,マカロニグラタン,ドリア,376,,,,,,,,,
72,セブンイレブン,ミートドリア,ドリア,463,,,,,,,,,
73,セブンイレブン,アスパラとベーコングラタン,ドリア,382,,,,,,,,,
74,セブンイレブン,チキンマカロニグラタン,ドリア,397,,,,,,,,,
75,セブンイレブン,エビとトマトのオムライスドリア,ドリア,450,,,,,,,,,
76,セブンイレブン,ハンバーグカレードリア,ドリア,614,,,,,,,,,
77,セブンイレブン,ケイジャンチキン,惣菜,336,,,,,,,,,
78,セブンイレブン,ゴーヤチャンプル,惣菜,208,,,,,,,,,
79,セブンイレブン,餃子,惣菜,380,,,,,,,,,
80,セブンイレブン,枝豆,惣菜,94,,,,,,,,,
81,セブンイレブン,和風スープ,惣菜,120,,,,,,,,,
82,セブンイレブン,豚汁,惣菜,182,,,,,,,,,
83,セブンイレブン,キムチ鍋,惣菜,247,,,,,,,,,
84,セブンイレブン,鶏のトマト煮,惣菜,161,,,,,,,,,
85,セブンイレブン,牛すき焼き,惣菜,199,,,,,,,,,
86,セブンイレブン,揚げ出し豆腐,惣菜,300,,,,,,,,,
87,セブンイレブン,茄子のみそ炒め,惣菜,259,,,,,,,,,
88,セブンイレブン,シュウマイ,惣菜,231,,,,,,,,,
89,セブンイレブン,醤油から揚げ,惣菜,346,,,,,,,,,
90,セブンイレブン,ロース生姜焼き,惣菜,185,,,,,,,,,
91,セブンイレブン,レバニラ,惣菜,349,,,,,,,,,
92,セブンイレブン,たこ焼き,惣菜,344,,,,,,,,,
93,セブンイレブン,焼き鳥5本入り,惣菜,391,,,,,,,,,
94,セブンイレブン,ワンタンスープ,惣菜,130,,,,,,,,,
95,セブンイレブン,すいとん,惣菜,218,,,,,,,,,
96,セブンイレブン,トマトスープ,惣菜,121,,,,,,,,,
97,セブンイレブン,ポトフ,惣菜,130,,,,,,,,,
98,セブンイレブン,肉じゃが,惣菜,189,,,,,,,,,
99,セブンイレブン,肉団子,惣菜,281,,,,,,,,,
100,セブンイレブン,西京焼き,惣菜,269,,,,,,,,,
101,セブンイレブン,筑前煮,惣菜,138,,,,,,,,,
102,セブンイレブン,おでん,惣菜,170,,,,,,,,,
103,セブンイレブン,トウモロコシのポタージュ,惣菜,166,,,,,,,,,
104,セブンイレブン,かぼちゃのポタージュ,惣菜,164,,,,,,,,,
105,セブンイレブン,サツマイモのポタージュ,惣菜,164,,,,,,,,,
106,セブンイレブン,キノコのクリームチャウダー,惣菜,128,,,,,,,,,
107,セブンイレブン,ひじき煮,惣菜,56,,,,,,,,,
108,セブンイレブン,きんぴらごぼう,惣菜,96,,,,,,,,,
109,セブンイレブン,切り干し大根,惣菜,42,,,,,,,,,
110,セブンイレブン,味付けとろろ,惣菜,48,,,,,,,,,
111,セブンイレブン,黒豆,惣菜,106,,,,,,,,,
112,セブンイレブン,ごま昆布,惣菜,57,,,,,,,,,
113,セブンイレブン,半熟卵煮二個,惣菜,75,,,,,,,,,
114,セブンイレブン,ゆで卵一個,惣菜,65,,,,,,,,,
115,セブンイレブン,厚焼き玉子焼き,惣菜,201,,,,,,,,,
116,セブンイレブン,キムチ,惣菜,55,,,,,,,,,
117,セブンイレブン,だし巻き玉子,惣菜,141,,,,,,,,,
118,セブンイレブン,福神付け,惣菜,107,,,,,,,,,
119,セブンイレブン,タルタルエビカツサンド,サンドイッチ,459,,,,,,,,,
120,セブンイレブン,彩野菜のバラエティサンド,サンドイッチ,371,,,,,,,,,
121,セブンイレブン,ホイップ＆チーズクリーム那須塩原産牛乳使用,サンドイッチ,364,,,,,,,,,
122,セブンイレブン,ラップデリ　生ハム＆モッツァレラ,サンドイッチ,254,,,,,,,,,
123,セブンイレブン,ミニロールたまごサラダ＆ハムチーズ,サンドイッチ,317,,,,,,,,,
124,セブンイレブン,ブリトーウインナー２本入りチリミート,サンドイッチ,304,,,,,,,,,
125,セブンイレブン,ジューシーハムサンド,サンドイッチ,355,,,,,,,,,
126,セブンイレブン,照焼チキンとたまごサンド,サンドイッチ,337,,,,,,,,,
127,セブンイレブン,ジューシーハムサンド,サンドイッチ,355,,,,,,,,,
128,セブンイレブン,照焼チキンとたまごサンド,サンドイッチ,337,,,,,,,,,
129,セブンイレブン,こだわりＴＨＥたまごサンド,サンドイッチ,388,,,,,,,,,
130,セブンイレブン,たまご＆ハムレタスサンド,サンドイッチ,307,,,,,,,,,
131,セブンイレブン,レタス増量シャキシャキレタスサンド,サンドイッチ,276,,,,,,,,,
132,セブンイレブン,ミックスサンド,サンドイッチ,306,,,,,,,,,
133,セブンイレブン,カラーチョコ＆ホイップ,サンドイッチ,274,,,,,,,,,
134,セブンイレブン,ちごサンド,サンドイッチ,294,,,,,,,,,
135,セブンイレブン,ホットドッグ,サンドイッチ,264,,,,,,,,,
136,セブンイレブン,ソーセージエッグマフィン,サンドイッチ,356,,,,,,,,,
137,セブンイレブン,たんぱく質が摂れるチキンロール,サンドイッチ,261,,,,,,,,,
138,セブンイレブン,ブリトー濃厚クワトロチーズ,サンドイッチ,286,,,,,,,,,
139,セブンイレブン,ブリトーチーズ倍盛りハム＆チーズ,サンドイッチ,441,,,,,,,,,
140,セブンイレブン,ブリトーウインナー２本入りホワイトボロネーゼ,サンドイッチ,328,,,,,,,,,
141,セブンイレブン,ブリトーモッツァレラ　とトマトのマルゲリ－タ,サンドイッチ,281,,,,,,,,,
142,セブンイレブン,ブリトーハム＆チーズ,サンドイッチ,271,,,,,,,,,
143,セブンイレブン,ランチパック深煎りピーナッツ,パン,183,,,,,,,,,
144,セブンイレブン,チョコクリームのふわもちちぎりパン,パン,369,,,,,,,,,
145,セブンイレブン,粗挽きポークフランク粒マスタードマヨ使用,パン,401,,,,,,,,,
146,セブンイレブン,さっぱりタルタルソースのフィッシュバーガー,パン,504,,,,,,,,,
147,セブンイレブン,金の食パン　　４枚入,パン,261,,,,,,,,,
148,セブンイレブン,金の食パン　　２枚入,パン,261,,,,,,,,,
149,セブンイレブン,レーズン食パン　２枚入,パン,161,,,,,,,,,
150,セブンイレブン,スティックメロンパン,パン,78,,,,,,,,,
151,セブンイレブン,発酵バタースティックレーズン４本入,パン,109,,,,,,,,,
152,セブンイレブン,しみしみフレンチトースト　２個入,パン,147,,,,,,,,,
153,セブンイレブン,アップルパイ　３個入,パン,158,,,,,,,,,
154,セブンイレブン,クリームパン　３個入,パン,177,,,,,,,,,
155,セブンイレブン,つぶあんパン　３個入,パン,172,,,,,,,,,
156,セブンイレブン,ふわもちチョコチップスティック６本入,パン,91,,,,,,,,,
157,セブンイレブン,スティックチュロッキー　４個入,パン,152,,,,,,,,,
158,セブンイレブン,つぶつぶコーンマヨネーズ,パン,333,,,,,,,,,
159,セブンイレブン,パリッと食感の　ウインナーパン,パン,319,,,,,,,,,
160,セブンイレブン,パリッと食感の　ウインナーパン,パン,275,,,,,,,,,
161,セブンイレブン,ミックスピザパン,パン,239,,,,,,,,,
162,セブンイレブン,コッペパン　たまご,パン,355,,,,,,,,,
163,セブンイレブン,コッペパン　ツナマヨネーズ,パン,285,,,,,,,,,
164,セブンイレブン,ソース焼きそばパン,パン,255,,,,,,,,,
165,ローソン,肉厚！贅沢デミグラスハンバーグ,惣菜,451,,,,,,,,,
166,ローソン,肉厚！贅沢和風ハンバーグ,惣菜,393,,,,,,,,,
167,ローソン,重慶飯店監修　大海老のチリソース,惣菜,150,,,,,,,,,
168,ローソン,重慶飯店監修　大海老のマヨソース,惣菜,212,,,,,,,,,
169,ローソン,重慶飯店監修 　四川風麻婆豆腐,惣菜,210,,,,,,,,,
170,ローソン,なすび亭監修　豚の角煮,惣菜,277,,,,,,,,,
171,ローソン,肉卸小島監修　牛すじ煮込み,惣菜,248,,,,,,,,,
172,ローソン,肉卸小島監修　牛すじカレー,惣菜,238,,,,,,,,,
173,ローソン,オーベルジーヌ監修　欧風チキンカレー,惣菜,236,,,,,,,,,
174,ローソン,GARAKU監修　札幌スープカレー,惣菜,202,,,,,,,,,
175,ローソン,グリルグランド監修 ビーフシチュー,惣菜,374,,,,,,,,,
176,ローソン,厳選洋食さくらい監修　牛タンシチュー,惣菜,221,,,,,,,,,
177,ローソン,本格！ビーフカレー,惣菜,314,,,,,,,,,
178,ローソン,肉厚！ビーフハンバーグ,惣菜,455,,,,,,,,,
179,ローソン,温めて食べる　ミートソースのポテトサラダ,惣菜,154,,,,,,,,,
180,ローソン,冷たいまま食べる　チキン南蛮,惣菜,290,,,,,,,,,
181,ローソン,ねぎだれで食べる　旨辛たまご,惣菜,164,,,,,,,,,
182,ローソン,ミートボール,惣菜,207,,,,,,,,,
183,ローソン,デミグラスハンバーグ,惣菜,173,,,,,,,,,
184,ローソン,チーズ入りハンバーグ,惣菜,172,,,,,,,,,
185,ローソン,国産鶏と国産豚の黒酢たれ肉団子,惣菜,327,,,,,,,,,
186,ローソン,豚肉と北海道産男爵の肉じゃが,惣菜,206,,,,,,,,,
187,ローソン,牛肉と北海道産男爵ののくじゃが,惣菜,183,,,,,,,,,
188,ローソン,豚汁,惣菜,113,,,,,,,,,
189,ローソン,すき焼き,惣菜,217,,,,,,,,,
190,ローソン,キムチチゲ,惣菜,159,,,,,,,,,
191,ローソン,鶏肉のガーリックトマト煮,惣菜,240,,,,,,,,,
192,ローソン,一食分の野菜が摂れる　チキンのトマトチーズ煮,惣菜,220,,,,,,,,,
193,ローソン,ロールキャベツ,惣菜,112,,,,,,,,,
194,ローソン,煮込みハンバーグ,惣菜,225,,,,,,,,,
195,ローソン,ジャーマンポテト,惣菜,272,,,,,,,,,
196,ローソン,一食分の野菜が摂れる　八宝菜,惣菜,134,,,,,,,,,
197,ローソン,豚の生姜焼,惣菜,279,,,,,,,,,
198,ローソン,よだれ鶏,惣菜,182,,,,,,,,,
199,ローソン,肉豆腐,惣菜,256,,,,,,,,,
200,ローソン,豚もつ煮込,惣菜,198,,,,,,,,,
201,ローソン,イカと里芋の煮物,惣菜,85,,,,,,,,,
202,ローソン,さばの味噌煮,惣菜,293,,,,,,,,,
203,ローソン,さばの塩焼,惣菜,226,,,,,,,,,
204,ローソン,銀鮭の塩焼,惣菜,135,,,,,,,,,
205,ローソン,ほっけの塩焼,惣菜,106,,,,,,,,,
206,ローソン,子持ちしゃも,惣菜,88,,,,,,,,,
207,ローソン,焼餃子,惣菜,320,,,,,,,,,
208,ローソン,肉焼売,惣菜,324,,,,,,,,,
209,ローソン,ガーリック香る砂肝焼,惣菜,76,,,,,,,,,
210,ローソン,ごま油香る鶏ハツ焼,惣菜,81,,,,,,,,,
211,ローソン,直火焼鳥　もも塩＆やげん軟骨,惣菜,125,,,,,,,,,
212,ローソン,鶏なんこつのから揚げ,惣菜,283,,,,,,,,,
213,ローソン,ジャークチキン,惣菜,126,,,,,,,,,
214,ローソン,あらびきチョリソー,惣菜,328,,,,,,,,,
215,ローソン,玉こんにゃく,惣菜,48,,,,,,,,,
216,ローソン,うずらの卵,惣菜,145,,,,,,,,,
217,ローソン,ひじき煮,惣菜,49,,,,,,,,,
218,ローソン,きんぴらごぼう,惣菜,69,,,,,,,,,
219,ローソン,ごぼうこんにゃく,惣菜,29,,,,,,,,,
220,ローソン,切干大根,惣菜,39,,,,,,,,,
221,ローソン,五目白和え,惣菜,74,,,,,,,,,
222,ローソン,たけのこ土佐煮,惣菜,19,,,,,,,,,
223,ローソン,穂先メンマ,惣菜,34,,,,,,,,,
224,ローソン,太切りメンマ,惣菜,45,,,,,,,,,
225,ローソン,国産ジャガイモのポテトサラダ,惣菜,166,,,,,,,,,
226,ローソン,国産ジャガイモのベーコンポテトサラダ,惣菜,129,,,,,,,,,
227,ローソン,国産ジャガイモの明太ポテトサラダ,惣菜,126,,,,,,,,,
228,ローソン,国産カボチャのサラダ,惣菜,83,,,,,,,,,
229,ローソン,国産ごぼうのサラダ,惣菜,98,,,,,,,,,
230,ローソン,マカロニサラダ,惣菜,151,,,,,,,,,
231,ローソン,春雨サラダ,惣菜,90,,,,,,,,,
232,ローソン,塩ゆで枝豆,惣菜,111,,,,,,,,,
233,ローソン,海老入り茶碗蒸し,惣菜,56,,,,,,,,,
234,ローソン,切れてる厚焼玉子,惣菜,168,,,,,,,,,
235,ローソン,切れてるだし巻き玉子,惣菜,139,,,,,,,,,
236,ローソン,三陸産わかめ使用　わかめかきたまスープ,惣菜,72,,,,,,,,,
237,ローソン,食物繊維が摂れる　8種具材のポトフ,惣菜,150,,,,,,,,,
238,ローソン,食物繊維が摂れる鶏つくねの和風生姜スープ,惣菜,74,,,,,,,,,
239,ローソン,おにぎり浅草宿六監修　こだわり味噌の豚汁,惣菜,111,,,,,,,,,
240,ローソン,オマール海老のビスク,惣菜,85,,,,,,,,,
241,ローソン,完熟トマトのポタージュ,惣菜,68,,,,,,,,,
242,ローソン,四種のチーズ使用　海老グラタン,麺類,313,,,,,,,,,
243,ローソン,北海道生乳使用ゴーダチーズ海老ドリア,麺類,373,,,,,,,,,
244,ローソン,5種のチーズ使用　ハッシュドポテトグラタン,麺類,335,,,,,,,,,
245,ローソン,博多明太子使用　明太もちチーズグラタン,麺類,325,,,,,,,,,
246,ローソン,8層仕立て　ミートソースラザニア,麺類,313,,,,,,,,,
247,ローソン,明太唐揚げのり弁当,弁当,529,,,,,,,,,
248,ローソン,おかずいろいろ幕の内,弁当,573,,,,,,,,,
249,ローソン,おにぎり弁当,弁当,496,,,,,,,,,
250,ローソン,筍ごはん弁当,弁当,423,,,,,,,,,
251,ローソン,明太唐揚げのり弁当,弁当,538,,,,,,,,,
252,ローソン,鶏そぼろ弁当,弁当,341,,,,,,,,,
253,ローソン,あじほぐし弁当,弁当,310,,,,,,,,,
254,ローソン,おかずトン！タルタルチキンカツ弁当,弁当,864,,,,,,,,,
255,ローソン,無限！焼とうもろこし,サラダ,118,,,,,,,,,
256,ローソン,振っておいしいパスタサラダ　担々麺風,サラダ,277,,,,,,,,,
257,ローソン,塩昆布きゅうり,サラダ,36,,,,,,,,,
258,ローソン,コールスローサラダ,サラダ,154,,,,,,,,,
259,ローソン,ペッパーマカロニサラダ,サラダ,272,,,,,,,,,
260,ローソン,海老とブロッコリーのサラダ,サラダ,157,,,,,,,,,
261,ローソン,海老といかの明太子サラダ,サラダ,189,,,,,,,,,
262,ローソン,蒸し鶏とザーサイのサラダ,サラダ,101,,,,,,,,,
263,ローソン,中華風春雨サラダ,サラダ,134,,,,,,,,,
264,ローソン,食物繊維が摂れる　オクラとなめこのネバネバサラダ,サラダ,52,,,,,,,,,
265,ローソン,食物繊維が摂れる　豆腐とひじきの和風サラダ,サラダ,95,,,,,,,,,
266,ローソン,三陸産わかめ使用　大根とわかめのサラダ,サラダ,22,,,,,,,,,
267,ローソン,コーンサラダ,サラダ,46,,,,,,,,,
268,ローソン,シーチキン?＆コーンサラダ,サラダ,68,,,,,,,,,
269,ローソン,玉ねぎサラダ,サラダ,26,,,,,,,,,
270,ローソン,ローストチキンのサラダ,サラダ,65,,,,,,,,,
271,ローソン,ピリ辛味噌だれで食べる　野菜スティック,サラダ,101,,,,,,,,,
272,ローソン,三陸産わかめ使用　チョレギサラダ,サラダ,83,,,,,,,,,
273,ローソン,たんぱく質が摂れる　国産鶏むね肉のサラダ,サラダ,206,,,,,,,,,
274,ローソン,たんぱく質が摂れる　国産豚肉のサラダ,サラダ,284,,,,,,,,,
275,ローソン,振っておいしいパスタサラダ　豚しゃぶ,サラダ,340,,,,,,,,,
276,ローソン,振っておいしいパスタサラダ　甘辛唐揚マヨ,サラダ,347,,,,,,,,,
277,ローソン,振っておいしいパスタサラダ　海老明太子,サラダ,254,,,,,,,,,
278,ローソン,ミックスサラダ,サラダ,21,,,,,,,,,
279,ローソン,コーンミックスサラダ,サラダ,38,,,,,,,,,
280,ローソン,大根ミックスサラダ,サラダ,16,,,,,,,,,
281,ローソン,レタスミックスサラダ,サラダ,14,,,,,,,,,
282,ローソン,サラダチキン,サラダ,141,,,,,,,,,
283,ローソン,サラダチキン　梅しそ,サラダ,130,,,,,,,,,
284,ローソン,サラダチキン　ハーブ,サラダ,119,,,,,,,,,
285,ローソン,サラダチキン　スモーク,サラダ,120,,,,,,,,,
286,ローソン,振っておいしいパスタサラダ　ビビンパ風(もち麦パスタ使用),サラダ,254,,,,,,,,,
287,ローソン,ソースたっぷり生パスタ　カルボナーラ,麺類,607,,,,,,,,,
288,ローソン,ソースたっぷり生パスタ　明太カルボナーラ,麺類,584,,,,,,,,,
289,ローソン,こだわりおだし　醤油きのこ,麺類,503,,,,,,,,,
290,ローソン,こだわりおだしの生パスタ　あさりと九条ねぎ,麺類,426,,,,,,,,,
291,ローソン,バター香る　北海道産たらこ,麺類,445,,,,,,,,,
292,ローソン,ナポリタン,麺類,549,,,,,,,,,
293,ローソン,大盛ミートソース,麺類,725,,,,,,,,,
294,ローソン,大盛トマトガーリック,麺類,743,,,,,,,,,
295,ローソン,大盛ペペロンチーノ,麺類,849,,,,,,,,,
296,ローソン,大盛塩焼そば,麺類,624,,,,,,,,,
297,ローソン,ざるそば,麺類,356,,,,,,,,,
298,ローソン,冷しそば＆いなり,麺類,459,,,,,,,,,
299,ローソン,冷しとろろそば,麺類,316,,,,,,,,,
300,ローソン,大盛ぶっかけそば,麺類,515,,,,,,,,,
301,ローソン,ミニネバネバそば,麺類,179,,,,,,,,,
302,ローソン,野菜かき揚げそば,麺類,512,,,,,,,,,
303,ローソン,温・冷　気分で選べる！明太釜玉風うどん,麺類,532,,,,,,,,,
304,ローソン,満腹濃厚豚ラーメン,麺類,795,,,,,,,,,
305,ローソン,天下一品監修　こってりラーメン,麺類,453,,,,,,,,,
306,ローソン,冷し中華,麺類,474,,,,,,,,,
307,ローソン,ミニ冷し中華,麺類,262,,,,,,,,,
308,ローソン,盛岡風冷麺,麺類,334,,,,,,,,,
309,ローソン,1食分の野菜ちゃんぽん,麺類,311,,,,,,,,,
310,ローソン,大盛ソース焼そば,麺類,711,,,,,,,,,
311,ローソン,大盛塩焼そば,麺類,642,,,,,,,,,
312,ローソン,1/2日分の野菜が摂れる　あんかけ焼そば,麺類,362,,,,,,,,,
313,ローソン,1/2日分の野菜が摂れる　焼ビーフン,麺類,334,,,,,,,,,
314,ローソン,プレミアムおにぎり　いくら醤油漬,おにぎり,193,,,,,,,,,
315,ローソン,プレミアムおにぎり　焼さけハラミ,おにぎり,204,,,,,,,,,
316,ローソン,プレミアムおにぎり　熟成生たらこ,おにぎり,197,,,,,,,,,
317,ローソン,プレミアムおにぎり　直火焼黒毛和牛焼肉と卵黄,おにぎり,247,,,,,,,,,
318,ローソン,浅草宿六監修　プレミアムおにぎり　濃厚炙りたらこ(クリームチーズ仕立て),おにぎり,207,,,,,,,,,
319,ローソン,大きなおにぎり　辛旨チャーハン＆ツナコーンマヨネーズ,おにぎり,346,,,,,,,,,
320,ローソン,具！おにぎり　まるであおさ香る海老天丼,おにぎり,309,,,,,,,,,
321,ローソン,おにぎり2個セット(シーチキン?マヨネーズ・チャーシューマヨネーズ),おにぎり,367,,,,,,,,,
322,ローソン,大きなおにぎり　シーチキン?マヨネーズ,おにぎり,366,,,,,,,,,
323,ローソン,大きなおにぎり　チャーシューマヨネーズ,おにぎり,323,,,,,,,,,
324,ローソン,大きなおにぎり　鮭,おにぎり,283,,,,,,,,,
325,ローソン,大きなおにぎり　菜飯と明太マヨネーズ,おにぎり,330,,,,,,,,,
326,ローソン,大きなおにぎり　梅しそ大根と野沢菜(米粒麦入り),おにぎり,239,,,,,,,,,
327,ローソン,具！おにぎり　ポーク玉子(シーチキン?マヨネーズ),おにぎり,356,,,,,,,,,
328,ローソン,手巻おにぎり　シーチキン?マヨネーズ,おにぎり,226,,,,,,,,,
329,ローソン,手巻おにぎり　熟成紀州南高梅,おにぎり,169,,,,,,,,,
330,ローソン,手巻おにぎり　炙り熟成紅鮭,おにぎり,174,,,,,,,,,
331,ローソン,手巻おにぎり　熟成辛子明太子,おにぎり,174,,,,,,,,,
332,ローソン,手巻おにぎり　北海道産日高昆布,おにぎり,173,,,,,,,,,
333,ローソン,味付海苔手巻おにぎり　追い鰹製法おかか,おにぎり,171,,,,,,,,,
334,ローソン,和風シーチキン?マヨネーズおにぎり,おにぎり,243,,,,,,,,,
335,ローソン,胡麻さけおにぎり,おにぎり,183,,,,,,,,,
336,ローソン,炙りサーモンといくら醤油漬おにぎり(はらこ飯風),おにぎり,205,,,,,,,,,
337,ローソン,三陸産わかめごはんおにぎり,おにぎり,186,,,,,,,,,
338,ローソン,だしおにぎり　おかか,おにぎり,184,,,,,,,,,
339,ローソン,だしおにぎり　日高昆布,おにぎり,182,,,,,,,,,
340,ローソン,塩にぎり,おにぎり,173,,,,,,,,,
341,ローソン,阿波尾鶏の鶏五目おにぎり,おにぎり,171,,,,,,,,,
342,ローソン,北海道十勝産小豆　赤飯おこわ,おにぎり,216,,,,,,,,,
343,ローソン,高菜チャーハンおにぎり(国産もち麦入り),おにぎり,170,,,,,,,,,
344,ローソン,たっぷり食物繊維が摂れる　梅しそごはんおにぎり(国産もち麦入り),おにぎり,170,,,,,,,,,
345,ローソン,おにぎり2個入り(紅鮭・日高昆布),おにぎり,290,,,,,,,,,
346,ローソン,おにぎり2個セット(シーチキン?マヨネーズ・梅しそ),おにぎり,358,,,,,,,,,
347,ローソン,おにぎりおかずセット(シーチキン?マヨネーズ・鮭),おにぎり,468,,,,,,,,,
348,ローソン,たっぷり食物繊維が摂れる　枝豆と塩昆布おにぎり(国産もち麦入り),おにぎり,172,,,,,,,,,
349,ローソン,牛丼,お弁当,622,,,,,,,,,
350,ローソン,ねぎ塩豚カルビ丼,お弁当,583,,,,,,,,,
351,ローソン,ヨード卵・光?のロースかつ丼,お弁当,682,,,,,,,,,
352,ローソン,ヨード卵・光?の親子丼,お弁当,497,,,,,,,,,
353,ローソン,1食分の野菜が摂れる　ビビンパ丼(麦入りご飯),お弁当,372,,,,,,,,,
354,ローソン,1食分の野菜が摂れる　五目具材の中華丼,お弁当,430,,,,,,,,,
355,ローソン,醤油が効いた鶏竜田揚げ弁当,お弁当,802,,,,,,,,,
356,ローソン,ガーリックバター　チキンステーキ弁当,お弁当,682,,,,,,,,,
357,ローソン,ボルドー産赤ワイン仕立てのデミソースハンバーグ弁当,お弁当,680,,,,,,,,,
358,ローソン,グリル満天星お墨付き　オムライス,お弁当,559,,,,,,,,,
359,ローソン,よくばりセットメシ　オムライス＆ナポリタン,お弁当,839,,,,,,,,,
360,ローソン,国産生姜の豚生姜焼弁当,お弁当,632,,,,,,,,,
361,ローソン,旨辛！麻婆チャーハン,お弁当,585,,,,,,,,,
362,ローソン,だしご飯の海苔弁当,お弁当,836,,,,,,,,,
363,ローソン,たっぷりタルタルのチキン南蛮弁当,お弁当,951,,,,,,,,,
364,ローソン,みっちゃん監修　広島流お好み焼　そば肉玉子,お惣菜,416,,,,,,,,,
365,ローソン,屋台風お好み焼(イカ入り)＆焼そば,お惣菜,426,,,,,,,,,
366,ローソン,1/2日分の野菜が摂れる　チーズと明太マヨソースのキャベツ包み焼,お惣菜,260,,,,,,,,,
367,ローソン,たこ焼(8個入り),お惣菜,306,,,,,,,,,
368,ローソン,チキンと根菜サンド,サンドイッチ,278,,,,,,,,,
369,ローソン,カスタードフルーツミックスサンド,,240,,,,,,,,,
370,ローソン,たまごサンド,,297,,,,,,,,,
371,ローソン,ツナたまごサンド,,320,,,,,,,,,
372,ローソン,ハムたまごサンド,,325,,,,,,,,,
373,ローソン,ミックスサンド,,308,,,,,,,,,
374,ローソン,野菜ミックスサンド,,234,,,,,,,,,
375,ローソン,レタスサンド,,212,,,,,,,,,
376,ローソン,ハムチーズたまごサンド,,253,,,,,,,,,
377,ローソン,照焼チキンたまごサンド,,241,,,,,,,,,
378,ローソン,ホットドッグ,,271,,,,,,,,,
379,ローソン,ピザロール　ベーコン＆明太マヨ,,202,,,,,,,,,
380,ローソン,ピザロール　あらびきウインナー,,245,,,,,,,,,
381,ローソン,ピザロール　ハム＆チーズ,,192,,,,,,,,,
382,ローソン,ピザロール　マルゲリータ,,191,,,,,,,,,
383,ローソン,ふわサクっ！メロンパン,,341,,,,,,,,,
384,ローソン,チョコクロワッサン,,341,,,,,,,,,
385,ローソン,バター香るコッペ　苺ジャム＆マーガリン,,360,,,,,,,,,
386,ローソン,バター香るコッペ　粒あん＆マーガリン,,387,,,,,,,,,
387,ローソン,シュガーマーガリンブレッド,,509,,,,,,,,,
388,ローソン,フレンチトースト,,472,,,,,,,,,
389,ローソン,もっちチョコパン,,310,,,,,,,,,
390,ローソン,つぶあんぱん,,329,,,,,,,,,
391,ローソン,もっちドーナツ　こしあん,,364,,,,,,,,,
392,ローソン,牛乳仕込みのザクっとチュロッキー,,478,,,,,,,,,
393,ローソン,ふわもちパンケーキ　メープル＆マーガリン　2個入,,447,,,,,,,,,
394,ローソン,ふんわりたまご蒸しケーキ,,441,,,,,,,,,
395,ローソン,欧風カレーパン,,324,,,,,,,,,
396,ローソン,焼きそばパン,,271,,,,,,,,,
397,ローソン,塩焼きそばパン,,284,,,,,,,,,
398,ローソン,あらびきソーセージパン,,280,,,,,,,,,
399,ローソン,コーンマヨネーズパン,,338,,,,,,,,,
400,ローソン,こんがりチーズのベーコンマヨネーズ,,418,,,,,,,,,
401,ローソン,バター香る塩パン,,357,,,,,,,,,
402,ローソン,明太子バターフランス,,213,,,,,,,,,
403,ローソン,味わいの食パン　6枚入,,163,,,,,,,,,
404,ローソン,もっちりとしたチョコパン　4個入,,97,,,,,,,,,
405,ローソン,つぶあんぱん　4個入,,124,,,,,,,,,
406,ローソン,クリームパン　4個入,,112,,,,,,,,,
407,ローソン,バター香るスナックスティック　6本入,,85,,,,,,,,,
408,ローソン,チョコチップスナック　6本入,,82,,,,,,,,,
409,ローソン,十勝バターのチョコチップスティック　4本入,,118,,,,,,,,,
410,ローソン,フレンチトースト　4個入,,92,,,,,,,,,
411,ローソン,紅はるかのおいも蒸しパン　4個入,,85,,,,,,,,,
412,ローソン,もっちりとした三角チョコパン　4個入,,104,,,,,,,,,
413,ローソン,パンケーキ　メープル＆マーガリン　4個入,,178,,,,,,,,,
414,family Mart,手巻　真昆布,おむすび,183,,,,,,,,,
415,family Mart,手巻　さばとガリ,おむすび,171,,,,,,,,,
416,family Mart,手巻　紀州南高梅,おむすび,176,,,,,,,,,
417,family Mart,手巻　紅しゃけ,おむすび,168,,,,,,,,,
418,family Mart,手巻　辛子明太子,おむすび,175,,,,,,,,,
419,family Mart,手巻　シーチキン®マヨネーズ,おむすび,219,,,,,,,,,
420,family Mart,直巻　明太子マヨネーズ,おむすび,212,,,,,,,,,
421,family Mart,鮭はらみおむすび,おむすび,209,,,,,,,,,
422,family Mart,大きなおむすび　マヨたま肉そぼろ,おむすび,371,,,,,,,,,
423,family Mart,直巻　とり五目,おむすび,214,,,,,,,,,
424,family Mart,直巻　焼きしゃけ,おむすび,186,,,,,,,,,
425,family Mart,直巻　和風ツナマヨネーズ,おむすび,241,,,,,,,,,
426,family Mart,大きなおぬすび　昆布とツナマヨネーズ,おむすび,359,,,,,,,,,
427,family Mart,大きなおむすび　生たらこと鮭マヨネーズ,おむすび,337,,,,,,,,,
428,family Mart,SPAM®むすび　タコスミート,おむすび,363,,,,,,,,,
429,family Mart,サンドおむすび　豚焼肉マヨネーズ,おむすび,306,,,,,,,,,
430,family Mart,【長野県・山梨県】肉味噌おむすび,おむすび,190,,,,,,,,,
431,family Mart,おむすび２個セット（鮭、昆布）,おむすび,333,,,,,,,,,
432,family Mart,【東北・関東】おむすびおかずセット（昆布・ツナマヨネーズ）,おむすび,486,,,,,,,,,
433,family Mart,塩おむすび,おむすび,186,,,,,,,,,
434,family Mart,もち麦　さば野沢野菜,おむすび,175,,,,,,,,,
435,family Mart,ふんわりたまごのオムライスおむすび,おむすび,274,,,,,,,,,
436,family Mart,【関東の一部】大きなおむすび　もち麦　鮭しそ,おむすび,274,,,,,,,,,
437,family Mart,SPAM®むすび　ツナマヨネーズ,おむすび,275,,,,,,,,,
438,family Mart,鮭金ごまおむすび,おむすび,172,,,,,,,,,
439,family Mart,ゆかりごはん　梅海苔佃煮おむすび,おむすび,176,,,,,,,,,
440,family Mart,【韓国本格グルメ】韓国風キムチ炒飯おむすび,おむすび,198,,,,,,,,,
441,family Mart,たけのこごはんおむすび,おむすび,167,,,,,,,,,
442,family Mart,わかめごはんおむすび,おむすび,157,,,,,,,,,
443,family Mart,【関東の一部】炙り焼　鶏つくねおむすび,おむすび,230,,,,,,,,,
444,family Mart,【関東の一部】大きなおむすび　鶏ごぼう,おむすび,266,,,,,,,,,
445,family Mart,【東京都の一部・神奈川県の一部】スーパー大麦　梅ゆかり®,おむすび,173,,,,,,,,,
446,family Mart,旨辛チキン弁当（バッファローチキン）,お弁当,790,,,,,,,,,
447,family Mart,銀鮭西京焼き幕の内弁当,お弁当,530,,,,,,,,,
448,family Mart,たっぷりごま入り特製ソース！チキンカツ弁当,お弁当,777,,,,,,,,,
449,family Mart,明太海苔弁当,お弁当,775,,,,,,,,,
450,family Mart,3色そぼろ&チキン南蛮弁当,お弁当,770,,,,,,,,,
451,family Mart,【関東】炙り焼　鳥めし弁当（麦飯）,お弁当,616,,,,,,,,,
452,family Mart,特製ダレの炙り焼牛カルビ重,お弁当,702,,,,,,,,,
453,family Mart,鶏のうまみ！鶏そぼろ弁当,お弁当,355,,,,,,,,,
454,family Mart,白身フライごはん,お弁当,454,,,,,,,,,
455,family Mart,30種類以上のスパイスが決め手のこだわりカレー,お弁当,564,,,,,,,,,
456,family Mart,特製香味ねぎソースで食べる！油淋鶏弁当,お弁当,861,,,,,,,,,
457,family Mart,特製ゆずおろしポン酢で食べる！おろしタツタ弁当,お弁当,781,,,,,,,,,
458,family Mart,肉の旨味感じる三元豚のロースとんかつ弁当,お弁当,726,,,,,,,,,
459,family Mart,ごま油の香り！ジューシー肉シュウマイ弁当,お弁当,691,,,,,,,,,
460,family Mart,コク深い濃厚デミソースの鉄板焼ハンバーグ,お弁当,833,,,,,,,,,
461,family Mart,【韓国本格グルメ】特製辛みそたれで食べる！旨辛ビビンバ（麦入りごはん）,お弁当,394,,,,,,,,,
462,family Mart,スパイス香る！ロースかつカレー,お弁当,747,,,,,,,,,
463,family Mart,醤の旨味がきいた麻婆豆腐ごはん,お弁当,474,,,,,,,,,
464,family Mart,大麦豚のロースかつ丼,お弁当,638,,,,,,,,,
465,family Mart,欧風カレーのハンバーグドリア,お弁当,589,,,,,,,,,
466,family Mart,旨辛仕立て！スタミナ肉そぼろあんかけ飯,お弁当,565,,,,,,,,,
467,family Mart,スパイシーな味わい！辛旨チキン&ジャンバラヤ,お弁当,642,,,,,,,,,
468,family Mart,お出汁染み込む　ふんわり玉子の親子丼,お弁当,491,,,,,,,,,
469,family Mart,デミソースと食べるとろとろたまごのオムライス,お弁当,577,,,,,,,,,
470,family Mart,【関東】隠し味にラー油をかけて　四川風麻婆焼そば,麺類,594,,,,,,,,,
471,family Mart,麺のコシが決め手！ソース焼そば,麺類,544,,,,,,,,,
472,family Mart,汁なし担担麺,麺類,523,,,,,,,,,
473,family Mart,もっちり食感の醤油焼うどん,麺類,449,,,,,,,,,
474,family Mart,元祖スタミナ満点らーめん すず鬼監修　にんにくスタミナ焼そば,麺類,727,,,,,,,,,
475,family Mart,黒マー油が香る　豚骨焼ラーメン,麺類,662,,,,,,,,,
476,family Mart,ごま油が香るチャーシュー焼ビーフン,麺類,304,,,,,,,,,
477,family Mart,大盛　豚肉とねぎの塩焼そば,麺類,698,,,,,,,,,
478,family Mart,北海道仕込みの5種味噌　味噌ラーメン,麺類,541,,,,,,,,,
479,family Mart,ラーメン荘 歴史を刻め監修　豚ラーメン,麺類,943,,,,,,,,,
480,family Mart,だし香るかき揚げそば,麺類,488,,,,,,,,,
481,family Mart,さっぽろ純連監修　正油ラーメン,麺類,668,,,,,,,,,
482,family Mart,鶏と魚介の旨み　中華そば（醤油味）,麺類,360,,,,,,,,,
483,family Mart,梅と蒸し鶏のあったかそうめん,麺類,158,,,,,,,,,
484,family Mart,ラーメン荘 歴史を刻め監修　汁なし（まぜそば）,麺類,965,,,,,,,,,
485,family Mart,こだわりだしの揚げ玉とねぎのうどん,麺類,389,,,,,,,,,
486,family Mart,【関東】旨味辛味香味　ビャンビャン麺,麺類,576,,,,,,,,,
487,family Mart,【関東】具だくさん　けんちんうどん,麺類,457,,,,,,,,,
488,family Mart,石臼挽きそば粉使用　冷しとろろそば,麺類,311,,,,,,,,,
489,family Mart,焙煎ごま香る　ごまだれ冷し中華,麺類,425,,,,,,,,,
490,family Mart,石臼挽きそば粉使用　ざるそば定食,麺類,517,,,,,,,,,
491,family Mart,石臼挽きそば粉使用　ざるそば,麺類,346,,,,,,,,,
492,family Mart,お手軽！冷しぶっかけうどん,麺類,318,,,,,,,,,
493,family Mart,6種具材の冷しぶっかけ手延素麺,麺類,268,,,,,,,,,
494,family Mart,北海道産小麦の小麦粉使用　冷し梅おろしきしめん,麺類,316,,,,,,,,,
495,family Mart,【韓国本格グルメ】冷し韓国風ビビン麺,麺類,392,,,,,,,,,
496,family Mart,お手軽！冷しぶっかけそば,麺類,259,,,,,,,,,
497,family Mart,【北海道・関東】北海道産小麦の小麦粉使用　冷したぬきうどん,麺類,371,,,,,,,,,
498,family Mart,定番！特製醤油だれ　ミニ冷し中華,麺類,248,,,,,,,,,
499,family Mart,冷し明太クリームうどん,麺類,332,,,,,,,,,
500,family Mart,甘辛甜面醤と味噌の旨み　冷しジャージャー麺,麺類,436,,,,,,,,,
501,family Mart,ファミマ・ザ・ナポリタン,パスタ,484,,,,,,,,,
502,family Mart,チキンクリームスープパスタ,パスタ,539,,,,,,,,,
503,family Mart,だしの旨み広がる　あさりのスパゲティ,パスタ,442,,,,,,,,,
504,family Mart,ファミマ・ザ・ミートソース,パスタ,538,,,,,,,,,
505,family Mart,生パスタ　ベーコンのクリームソース,パスタ,609,,,,,,,,,
506,family Mart,ソースたっぷりアラビアータ,パスタ,555,,,,,,,,,
507,family Mart,蒸し鶏のゆず胡椒ぽん酢パスタ,パスタ,407,,,,,,,,,
508,family Mart,大盛　明太子スパゲティ,パスタ,675,,,,,,,,,
509,family Mart,特盛　太麺！3種チーズのミートソース,パスタ,776,,,,,,,,,
510,family Mart,きのことベーコンの醤油パスタ,パスタ,467,,,,,,,,,
511,family Mart,大盛　ペペロンチーノ,パスタ,795,,,,,,,,,
512,family Mart,蒸し鶏の海苔クリームパスタ,パスタ,569,,,,,,,,,
513,family Mart,大盛　迫り来るにんにく！唐揚げ醤油マヨパスタ,パスタ,772,,,,,,,,,
514,family Mart,さつまいもとベーコンのクリームグラタン,パスタ,337,,,,,,,,,
515,family Mart,れんこん入りつくねの和風スープ,スープ,180,,,,,,,,,
516,family Mart,【関東・東海・北陸】胡麻香る麻辣担担スープ,スープ,235,,,,,,,,,
517,family Mart,ゆず香る！旨塩スープ,スープ,71,,,,,,,,,
518,family Mart,【韓国本格グルメ】旨み広がる！特製スンドゥブスープ,スープ,132,,,,,,,,,
519,family Mart,鶏の旨み広がる参鶏湯風スープ,スープ,110,,,,,,,,,
520,family Mart,もちもち餃子と春雨の白湯スープ,スープ,228,,,,,,,,,
521,family Mart,キャベツとベーコンのクリームスープ,スープ,236,,,,,,,,,
522,family Mart,1/3日分の野菜使用　ちゃんぽんスープ,スープ,136,,,,,,,,,
523,family Mart,【北海道・関東】具だくさん豚汁,スープ,120,,,,,,,,,
524,family Mart,だし香る！大盛とろーりたこ焼き,惣菜,397,,,,,,,,,
525,family Mart,だし香る！とろーりたこ焼き,惣菜,275,,,,,,,,,
526,family Mart,国産豚トロの炭火焼き,惣菜,322,,,,,,,,,
527,family Mart,ニラ玉子炒め（ビーフン入り）,惣菜,269,,,,,,,,,
528,family Mart,やみつきコンソメポテト,惣菜,306,,,,,,,,,
529,family Mart,から旨い！豚キムチ炒め（ビーフン入り,惣菜,215,,,,,,,,,
530,family Mart,甘旨てりやきチキンマヨ,惣菜,315,,,,,,,,,
531,family Mart,こだわり甘酢肉団子&肉シュウマイ,惣菜,319,,,,,,,,,
532,family Mart,【韓国本格グルメ】牛肉とごま油香る　旨甘チャプチェ,惣菜,292,,,,,,,,,
533,family Mart,ネギ盛り！揚げ出し豆腐,惣菜,224,,,,,,,,,
534,family Mart,たっぷりタルタルのチキン南蛮,惣菜,473,,,,,,,,,
535,family Mart,旨さ痺れる逸品　四川風麻婆豆腐,惣菜,239,,,,,,,,,
536,family Mart,韓国冷麺風しらたき,惣菜,61,,,,,,,,,
537,family Mart,ごま油が香る！ホタテ風味の緑野菜サラダ,惣菜,65,,,,,,,,,
538,family Mart,蒸し鶏ときゅうりの梅和え&キャベツ,惣菜,77,,,,,,,,,
539,family Mart,【韓国本格グルメ】ごま油香る！シャキシャキナムル,惣菜,111,,,,,,,,,
540,family Mart,冷たいまま食べるタルタルチキン南蛮,惣菜,295,,,,,,,,,
541,family Mart,たまごとベーコンカルボナーラ風マカロニサラダ,惣菜,205,,,,,,,,,
542,family Mart,海老とイカの明太子スパゲティサラダ,惣菜,204,,,,,,,,,
543,family Mart,明太クリームチーズのポテトサラダ,惣菜,207,,,,,,,,,
544,family Mart,混ぜて食べるネバネバサラダ（ポン酢味）,惣菜,36,,,,,,,,,
545,family Mart,食物繊維3.1g根菜枝豆コーンごまマヨサラダ,惣菜,154,,,,,,,,,
546,family Mart,5品目のさっぱり春雨サラダ,惣菜,114,,,,,,,,,
547,family Mart,イカときゅうりのねぎ塩だれ,惣菜,55,,,,,,,,,
548,family Mart,砂肝ぽん酢,惣菜,62,,,,,,,,,
549,family Mart,ハムとコーンのポテトサラダ,惣菜,128,,,,,,,,,
550,family Mart,コールスローサラダ,惣菜,111,,,,,,,,,
551,family Mart,豆腐と枝豆のひじき和え,惣菜,137,,,,,,,,,
552,family Mart,蒸し鶏と塩昆布のやみつきキャベツ,惣菜,76,,,,,,,,,
553,family Mart,国産さばのおろしゆずポン酢,惣菜,108,,,,,,,,,
554,family Mart,特製ダレの味付けたまご,惣菜,179,,,,,,,,,
555,family Mart,チキン&たまご&ブロッコリーサラダ,惣菜,108,,,,,,,,,
556,family Mart,海老とブロッコリーのタルタルサラダ,惣菜,188,,,,,,,,,
557,family Mart,ハムと玉子のマカロニサラダ,惣菜,259,,,,,,,,,
558,family Mart,ゆず塩ラーメンサラダ,サラダ,220,,,,,,,,,
559,family Mart,青じそ香る！博多明太子と蒸し鶏のパスタサラダ,サラダ,234,,,,,,,,,
560,family Mart,たんぱく質が摂れる！ローストチキンのパスタサラダ,サラダ,248,,,,,,,,,
561,family Mart,たまごとツナのパスタサラダ,サラダ,371,,,,,,,,,
562,family Mart,たんぱく質が摂れる！豚しゃぶのパスタサラダ,サラダ,284,,,,,,,,,
563,family Mart,大盛！野菜スティック（明太マヨ）,サラダ,223,,,,,,,,,
564,family Mart,チョレギサラダ,サラダ,78,,,,,,,,,
565,family Mart,【東北・関東】新玉ねぎと大根のサラダ,サラダ,36,,,,,,,,,
566,family Mart,5種野菜のまぜまぜサラダ,サラダ,91,,,,,,,,,
567,family Mart,ハム&ポテトのサラダ,サラダ,75,,,,,,,,,
568,family Mart,パリパリ麺サラダ,サラダ,258,,,,,,,,,
569,family Mart,オクラのネバネバサラダ,サラダ,58,,,,,,,,,
570,family Mart,1/3日分の野菜サラダ,サラダ,72,,,,,,,,,
571,family Mart,フレッシュ野菜サラダ,サラダ,22,,,,,,,,,
572,family Mart,サラダチキンのサラダ,サラダ,51,,,,,,,,,
573,family Mart,まるごと豆腐と海藻のサラダ,サラダ,124,,,,,,,,,
574,family Mart,たんぱく質が摂れる！豚しゃぶのサラダ,サラダ,140,,,,,,,,,
575,family Mart,野菜スティック（味噌マヨ）,サラダ,168,,,,,,,,,
576,family Mart,シーチキン&コーンサラダ,サラダ,89,,,,,,,,,
577,family Mart,たんぱく質が摂れる！鶏むね肉とたまごのサラダ,サラダ,169,,,,,,,,,
